FCID,Lane,SampleID,SampleRef,Index,Description,Control,Recipe,Operator,SampleProject
H7L52BCXX,1,5495,Rnor_6.0,CGATGT,,N,,,ID220
H7L52BCXX,1,5496,Rnor_6.0,TGACCA,,N,,,ID220
H7L52BCXX,1,5497,Rnor_6.0,ACAGTG,,N,,,ID220
H7L52BCXX,1,5498,Rnor_6.0,GCCAAT,,N,,,ID220
H7L52BCXX,1,5499,Rnor_6.0,CAGATC,,N,,,ID220
H7L52BCXX,1,5500,Rnor_6.0,CTTGTA,,N,,,ID220
H7L52BCXX,2,5495,Rnor_6.0,CGATGT,,N,,,ID220
H7L52BCXX,2,5496,Rnor_6.0,TGACCA,,N,,,ID220
H7L52BCXX,2,5497,Rnor_6.0,ACAGTG,,N,,,ID220
H7L52BCXX,2,5498,Rnor_6.0,GCCAAT,,N,,,ID220
H7L52BCXX,2,5499,Rnor_6.0,CAGATC,,N,,,ID220
H7L52BCXX,2,5500,Rnor_6.0,CTTGTA,,N,,,ID220
